id,title,adult,original_language,origin_country,release_date,release_year,release_month,release_day,overview,genre_names_str,production_company_names_str,production_company_countries_str,budget,revenue,runtime,popularity,vote_average,vote_count,roi_calculated,origin_country__parsed,release_date_parsed
195554,Panorama of Galveston Power House,False,en,['US'],1900-05-21,1900,5,21,"This building and machinery supplied the electric power and electric light for the entire city of Galveston, including the car system. The building, which is of solid masonry, is a complete wreck, and together with the twisted iron work of the machinery, shows the tremendous power of the cyclone.",Documentary,Unknown,Unknown,2426.703142790102,3322.065976552855,1,6.3707,4.0,4,1.368962654712397,['US'],1900-05-21
105303,Explosion of a Motor Car,False,xx,['GB'],1900-07-01,1900,7,1,An early trick film where a car explodes and body parts fall from the sky. A policeman witnesses and attempts to piece the remains back together.,Comedy,Hepworth,United Kingdom,1486.88423469876,1605.985978705233,2,3.4255,6.1,55,1.080101558162396,['GB'],1900-07-01
195553,"Panorama of Orphans' Home, Galveston",False,en,['US'],1900-09-21,1900,9,21,This is the building in which so many of the poor orphans met their death. The place is completely dismantled. In addition to the orphanage is shown one of the principal streets in Galveston blocked with overturned houses and other materials.,Comedy,Unknown,Unknown,4686.762515165717,3456.639123983047,1,3.2375,4.0,5,0.7375323824917178,['US'],1900-09-21
195569,Panorama of Wreckage of Water Front,False,en,['US'],1900-09-21,1900,9,21,"This picture shows the remains of one of the docks, several freight cars being piled one upon the other, while the most interesting part of the picture shows two schooners literally smashed one into the other, forming a most picturesque mass of wreckage.",Documentary,Edison Studios,United States,1908.864317822635,2122.609486714702,1,5.1725,4.0,4,1.111975045526482,['US'],1900-09-21
195542,"Bird's-Eye View of Dock Front, Galveston",False,en,['US'],1900-09-21,1900,,21,"At the first news of the disast by cyclone and tidal wave that devastated Galveston on Saturday, September 8th, 1900, we equipped a party of photographers and sent them by special train to the scene of the ruins. Arriving at the scene of desolation shortly after the storm had swept over the city, our party succeeded, at the risk of life and limb, in taking about a thousand feet of motion pictures, although Galveston was under martial law and photographers were shot down at sight by the excited police. The series, taken as a whole, gives a definite idea of the most terrible disaster since the Johnstown flood of 1889.",Documentary,Edison Studios,United States,315.0820920485969,202.9409750134969,1,4.0098,4.0,2,0.6440892076538458,['US'],1900-09-21
195631,Hooligan Assists the Magician,False,en,['US'],1900-11-01,1900,11,1,"This is a new adventure in which our friend, Mr. Hooligan, appears in an entirely new capacity. On a stage a professor of magic is performing some wonderful experiments, and when he requests some assistance Happy Hooligan immediately volunteers his services and climbs upon the platform.","Fantasy, Comedy",Edison Studios,United States,4537.762068577912,3242.36810170087,2,3.1284,4.3,7,0.7145302139468486,['US'],1900-11-01
811141,Clown and Police,False,en,['GB'],1900-01-01,1900,1,1,"A Victorian vaudeville routine is given the big screen treatment with camera tricks galore.Three characters straight off the vaudeville stage - the mischievous tramp, the anarchic clown and the hapless bobby - duke it out here in a sketch involving an exploding gunpowder barrel. Plenty of camera tricks help the characters appear and disappear at just the right moments. Made by Hepworth & Co., this film was presumably a welcome relief to audiences tiring of bad news from the Boer War; Hepworth’s own catalogue for 1900 contained a great deal of footage from South Africa.",Drama,Unknown,Unknown,3939.446825807262,2991.112534802551,2,2.9259,4.0,1,0.759272219441525,['GB'],1900-01-01
195668,"Mysterious Cafe, or Mr. and Mrs. Spoopendyke Have Troubles with a Waiter",False,en,['US'],1901-12-16,1901,12,16,"As the above title indicates, the scene does not take place in an ordinary restaurant, but one in which all natural rules of order and gravitation are reversed. The couple above mentioned have a most trying experience while endeavoring to partake of a square meal. They find themselves flying about the room from chairs to table, and vice versa, until they are both completely bewildered, ending in a general mix-up, which is sure to provoke much merriment.","Fantasy, Comedy",Edison Studios,United States,858.5658784491417,585.6852319184694,2,2.7771,3.8,5,0.6821669095170817,['US'],1901-12-16
144432,The Enchanted Drawing,False,en,['US'],1900-11-16,1900,11,16,A cartoonist defies reality when he draws objects that become three-dimensional after he lifts them off his sketch pad.,"Animation, Comedy, Fantasy",Edison Studios,United States,184.3010912385345,211.4569486120651,2,2.7038,6.4,76,1.147345070997891,['US'],1900-11-16
536198,The Prodigal Son,False,fr,['FR'],1901-05-28,1901,5,28,An adaptation of the biblical story.,Drama,Unknown,Unknown,277.2931501958279,202.783387354444,7,2.4877,0.0,0,0.7312960569391487,['FR'],1901-05-28
154171,As Seen Through a Telescope,False,en,"['US', 'GB']",1900-09-01,1900,9,1,An elderly gentleman in a silk hat sits on a stool in front of a store on the main street of town. He has a telescope that focuses on the ankle of a young woman who is a short distance away. Her husband catches the gent looking. What will the two men do now?,Comedy,George Albert Smith Films,United Kingdom,4055.802676925714,4642.536682566338,1,2.3467,5.5,44,1.144665323335051,"['US', 'GB']",1900-09-01
124043,Conquering the Skies,False,fr,['FR'],1901-07-23,1901,7,23,"A man flies his plane ""Fend l'Air"" over Paris.",Science Fiction,Pathé Frères,France,1173.525814485848,849.4633143403137,1,2.3391,4.7,10,0.7238556696875778,['FR'],1901-07-23
237822,Panoramic View of Boston Subway from an Electric Car,False,en,['US'],1901-12-17,1901,12,17,"Persons who have visited the ""Hub,"" no doubt carried away with vivid recollections of Boston's famous system of Underground Transportation and this film takes the audience from the bright sunshine into the dim obscurity of the subway. The Underground stations and rows of Electric Arc lamps are plainly shown and, after traversing the tunnel for a considerable distance, the car finally emerges opposite the railroad depot.",Documentary,Edison Studios,United States,1814.777192476902,1115.520659998256,1,2.327,3.3,3,0.61468739227196,['US'],1901-12-17
143802,The Old Maid's Valentine,False,xx,['GB'],1900-09-30,1900,9,30,An old spinster receives an unexpected Valentine's letter.,"Comedy, Romance","George Albert Smith Films, BFI","United Kingdom, United Kingdom",4444.446783345213,3493.799508976839,1,2.236,3.8,13,0.7861044758302072,['GB'],1900-09-30
119977,The Cabbage-Patch Fairy,False,fr,['FR'],1900-01-01,1900,1,1,"The fairy at a cabbage patch hovers over the babies. This is a remake of Guy's 1896 film on the same subject, this time shot in 35 mm.",Fantasy,Gaumont,France,2247.114388442664,2464.846763766453,1,2.1831,5.1,27,1.09689421083485,['FR'],1900-01-01
171430,History of a Crime,False,fr,['FR'],1901-05-04,1901,5,4,A convicted criminal dreams about his past the night before his execution.,"Drama, Crime",Pathé Frères,France,1548.585782376518,1337.379814106089,5,2.1092,5.8,47,0.8636136462868046,['FR'],1901-05-04
630272,Visit to Pompeii,False,en,"['GB', 'US']",1901-01-01,1901,1,1,"George Albert Smith and Charles Urban snaffled the plum job of travelling to Italy to take a series of views of Italy for the Warwick Trading Company, including this one. The long panning shots of Pompeii linger respectfully, as a tourist would, before the camera finally raises its eye to the mighty volcano looming in the distance beyond.",Documentary,Warwick Trading Company,Unknown,2489.948159420847,2324.893258511828,8,2.1285,6.0,1,0.9337115111073596,"['GB', 'US']",1901-01-01
191587,Japanese Actors: Wig Exercise,False,fr,['FR'],1900-01-21,1900,1,21,A Japanese theatre performance based on a legend.,Documentary,Lumière,France,3607.86092509043,2522.951522756442,1,2.0542,4.9,7,0.6992928982408613,['FR'],1900-01-21
195595,Danse du papillon,False,fr,['FR'],1900-01-01,1900,1,1,Butterfly dance.,Documentary,Gaumont,France,3362.983782941909,2705.439169653613,1,1.7919,5.3,13,0.8044758298795359,['FR'],1900-01-01
614122,Queen Victoria's Visit to Dublin,False,en,"['GB', 'US']",1900-01-01,1900,1,1,No overview available,Documentary,Hepworth Manufacturing Company,Unknown,1940.270568007118,2817.727779547751,2,1.7329,10.0,1,1.452234459466075,"['GB', 'US']",1900-01-01
901381,Funeral of Queen Victoria,False,en,['GB'],1901-02-02,1901,2,2,"Actuality film documenting the funeral of Queen Victoria in February 1901. The footage captures the solemn processions and ceremonies that marked the end of her long reign, offering a rare moving-image record of a major state occasion. Widely circulated internationally, the film reflects both the global reach of British newsreel subjects and the early power of cinema to record historic events.",Documentary,"British Pathé, Hepworth Manufacturing Company","Unknown, Unknown",2520.471432863805,3021.157799125897,15,1.7279,8.0,2,1.198647903615874,['GB'],1901-02-02
731049,The Little Doctor And The Sick Kitten,False,en,['GB'],1901-06-01,1901,6,1,Girl gives spoonful of milk to kitten. (Cut-in close-up) [The British Film Catalogue],Comedy,Unknown,Unknown,940.730017173191,643.2691642190134,0,1.7074,0.0,0,0.6837978511113947,['GB'],1901-06-01
195638,The Congress of Nations,False,en,['US'],1900-11-21,1900,11,21,"A magician steps upon the stage carrying a hoop covered with white paper. Then in quick succession the flags of Germany, Russia, Ireland, England and China are brought forth, and from each a soldier is produced corresponding with the flag of each nation. The magician adds a bit of comedy to the scene by producing a decidedly Hibernian policeman from the flag of Erin's Isle. The magician then waves his hand and the flags of all nations slowly dissolve and blend into one huge American flag.",Comedy,Edison Studios,United States,1756.064835196818,1445.004494643014,2,2.9648,3.5,8,0.8228651161852228,['US'],1900-11-21
213063,Spiders on a Web,False,en,"['US', 'GB']",1900-08-08,1900,8,8,"Consisting of a single shot, Spiders on a Web is one of the earliest British examples of close-up natural history photography. Made by one of the pioneers of the British film industry, G.A. Smith, this short film details spiders trapped in an enclosure, and despite the title, does not actually feature a web.",Documentary,Unknown,Unknown,3279.640834477578,2082.461060522898,1,3.2393,4.0,4,0.6349661946609522,"['US', 'GB']",1900-08-08
142042,What Is Seen Through a Keyhole,False,fr,['FR'],1901-08-01,1901,8,1,"Pathé film number 380, also known as ""What Happened to the Inquisitive Janitor"" (US) and ""Peeping Tom"" (UK). It should not be confused with its remake from 1905 also titled What is Seen Through a Keyhole, a film now considered lost.  As a janitor is cleaning a hotel, he decides to peek through the keyholes to observe some of the guests in their rooms. In room 8, a woman is busy making herself look more attractive, and the janitor enjoys watching her. There are also some interesting things going on in the other rooms on the floor.",Comedy,Pathé Frères,France,1062.893088607663,883.9921346378177,2,1.5421,5.3,28,0.8316849023788492,['FR'],1901-08-01
455194,A Horrible Nightmare,False,fr,['FR'],1901-03-01,1901,3,1,"An opium smoker intoxicated by this poison, falls asleep and dreams that he is in prison.",Drama,Unknown,Unknown,1399.660417499688,1091.441605276278,1,1.5187,4.0,2,0.7797902917237578,['FR'],1901-03-01
119968,Automated Hat-Maker and Sausage-Grinder,False,fr,['FR'],1900-01-01,1900,1,1,A machine churns out sausages on one side and spits out hats on the other.,Comedy,Gaumont,France,1541.087876731355,1439.910391547848,1,1.5142,5.8,19,0.9343467126624184,['FR'],1900-01-01
667876,The Dull Razor,False,en,"['GB', 'US']",1900-01-04,1900,1,4,"A man shaves, back to the camera, face reflected in a mirror.",Comedy,Unknown,Unknown,885.2899972464519,763.0900327835267,1,1.4169,5.3,3,0.8619661751030645,"['GB', 'US']",1900-01-04
348302,The House That Jack Built,False,en,['GB'],1900-09-10,1900,9,10,"A cleverly conceived picture of a little boy and girl with building blocks. The little girl has erected a pretty structure, which the boy proceeds to demolish with pokes of his fingers. When the demolition of the house is completed, the film is shown in reverse, and the little building comes back to its original form in a most marvellous manner.",Comedy,Warwick Trading Company,Unknown,1367.112848831038,824.7659551098568,1,1.717,4.7,12,0.6032903251659731,['GB'],1900-09-10
213067,Danse Serpentine (In a Lion's Cage),False,fr,['FR'],1900-08-08,1900,8,8,Madame Ondine performs a serpentine dance surrounded by big cats.,Documentary,Gaumont,France,1027.586372585497,1188.188972756144,2,1.4119,5.4,19,1.156291095770915,['FR'],1900-08-08
1268927,The Indian Chief and the Seidlitz Powder,False,en,['GB'],1901-08-01,1901,8,1,An inventive use of slow-motion filming helps hammer home the gag as an unconvincing 'Indian chief' hopes to dissolve some trapped wind with a popular brand of indigestion powder.,"Comedy, Western",Unknown,Unknown,3989.607911539036,2789.316722648566,2,1.4046,3.0,1,0.699145576331223,['GB'],1901-08-01
205233,The Seven Castles of the Devil,False,fr,['FR'],1901-10-08,1901,10,8,"An oppressive droning score makes this rendering of the Faust legend quite disturbing to watch. The film itself consists of a number of impressive ‘appearing out of thin air’ effects, some lavish costumes, sets and backdrops. A climactic sword fight between a man and the Devil is a standout scene.","Drama, Fantasy",Pathé Frères,France,2422.607171572858,2111.992138099655,11,1.3961,5.7,9,0.8717848121981993,['FR'],1901-10-08
755960,Children Bathing,False,en,['US'],1901-12-16,1901,12,16,"A pretty and natural picture in which the principal actors are two tiny tots who are evidently not a bit afraid of the briny deep as they splash around in the waves in very evident delight and enjoyment. The water effects are splendid and this is a beautiful subject of ""Child-life."" We recommend this to make a hit with any audience.",Documentary,Edison Studios,United States,2470.418566400546,1807.369189154686,1,1.3271,0.0,0,0.7316044389141968,['US'],1901-12-16
152031,How It Feels to Be Run Over,False,en,['GB'],1900-06-30,1900,6,30,"As the camera looks down an open road, a horse and carriage approaches, and passes by to one side of the field of view. Soon afterwards, an automobile comes up the road, straight towards the camera. As it gets nearer, the occupants start to wave frantically, but can a collision be avoided?",Horror,Hepworth,United Kingdom,608.7377740415789,612.5202812012624,1,1.2624,6.0,41,1.006213688916609,['GB'],1900-06-30
460182,Jeffries in His Training Quarters,False,en,['US'],1901-06-01,1901,6,1,"Shot against a painted backdrop of river with town on other bank & mountains behind. Throwing medicine ball while group of men watch, at least one black. He stands up & gets hit on head with ball. Jeffries shadow boxing & dancing with weights in hands. Sparring barehanded, or wrestling with another man.",Documentary,Unknown,Unknown,2568.871070768693,2600.482714378439,3,1.2095,6.0,1,1.01230565596283,['US'],1901-06-01
179235,Let Me Dream Again,False,en,"['US', 'GB']",1900-08-01,1900,8,1,"Possibly the first film to utilize the technique of focus pulling. A man kisses a beautiful and lively woman, then the image blurs and dissolves into a clear image of the man waking up to his nagging wife.","Romance, Comedy",George Albert Smith Films,United Kingdom,2378.830233899524,1960.626855972612,1,1.1875,5.6,54,0.8241978885389534,"['US', 'GB']",1900-08-01
183607,The Deonzo Brothers,False,en,['GB'],1901-08-11,1901,8,11,"The famous acrobats in the above title appear in a marvellous acrobatic act. There are three barrels arranged on the stage. The boys, blindfolded, stand on opposite sides of the stage, and jump from one barrel into the other until they both land in the same barrel at the same time. They then jump backwards onto the stage over the two barrels. One table is then mounted upon another and the center barrel is placed on top. The brothers still blindfolded jump one each into a barrel and from them to the first to the second table and from the second table into the barrel on top of the second table. They then jump backwards onto the stage. This is pronounced by show people to be the most marvellous acrobatic feat that has ever been introduced. (Edison Catalog)",Documentary,Robert W. Paul,United Kingdom,1036.987321884502,1220.161653228333,2,1.3194,5.0,4,1.176640859032829,['GB'],1901-08-11
831723,Cortège. Musique des Household et corps des volontaires,False,fr,['FR'],1901-02-02,1901,2,2,No overview available,Documentary,Unknown,Unknown,2595.387384067058,2055.303058105085,0,1.1914,0.0,0,0.7919060833548313,['FR'],1901-02-02
846445,Danse basque,False,xx,['FR'],1901-06-17,1901,6,17,Silent film,Drama,Unknown,Unknown,4681.451941974895,3408.916973574927,1,1.1467,4.0,1,0.7281751507496749,['FR'],1901-06-17
745500,Impossible To Get a Plunge,False,xx,['FR'],1901-07-18,1901,7,18,"A man walks down to the water's edge, takes off his clothes and prepares to go for a swim.... only to find himself fully clothed. This happens again and again.",Comedy,Pathé Frères,France,4521.833940575041,3383.040437970915,3,1.1593,0.0,0,0.7481567174801413,['FR'],1901-07-18
715442,Jeffries Skipping the Rope,False,en,['US'],1901-12-14,1901,12,14,"A splendid subject, showing the champion heavyweight of the world, exercising in his training headquarters. After showing his skill in side-stepping, and fancy steps while skipping the rope at a phenomenal speed, the champion's trainers peel off his sweater and give him a rubdown, during which the mighty muscles on the champion's chest and back are seen to perfection.",Documentary,Edison Studios,United States,3951.925312689152,2804.523369631287,1,1.1463,0.0,0,0.7096600132159135,['US'],1901-12-14
357050,Oxford and Cambridge Boat Race 1901,False,en,['GB'],1901-01-02,1901,1,2,Directed by Robert W. Paul.,Documentary,Unknown,Unknown,449.3754303382894,336.9661007600551,1,1.1335,0.0,0,0.7498543044651714,['GB'],1901-01-02
427473,Scenes From My Balcony,False,fr,['FR'],1901-08-20,1901,8,20,Some naughty scenes from a balcony.,Comedy,Pathé Frères,France,4981.088969656509,3485.021654128498,1,1.0997,4.7,5,0.699650553394717,['FR'],1901-08-20
196372,The Fantastic Plunger,False,fr,['FR'],1901-06-04,1901,6,4,"A diver jumps into a body of water-- and then comes right back out! This film should not be confused with Segundo de Chomón's remake of the same name (Plongeur fantastique, 1905).",Comedy,Pathé Frères,France,4773.367822003835,3948.707724283423,2,1.0722,4.4,7,0.8272372613065834,['FR'],1901-06-04
183606,Artistic Creation,False,en,['GB'],1901-10-01,1901,10,1,"An artist draws the head of a pretty girl, takes the drawing off the paper and places it on a small table, turning the image into the head of a real woman. He then continuous drawing the lady, one body part after the other.",Comedy,Robert W. Paul,United Kingdom,661.3930668534762,739.9282168472456,1,1.0901,6.0,12,1.118742021846999,['GB'],1901-10-01
715446,Jeffries Throwing the Medicine Ball,False,en,['US'],1901-12-14,1901,12,14,James J. Jeffries throwing the medicine ball. An absolutely perfect picture of the champion heavyweight of the world.,Documentary,Edison Studios,United States,303.0228022426859,244.0248489424575,1,0.9864,0.0,0,0.8053019348260863,['US'],1901-12-14
831724,Troupes coloniales,False,fr,['FR'],1901-02-02,1901,2,2,No overview available,Documentary,Unknown,Unknown,573.8378910521988,461.0310139575651,0,0.9734,0.0,0,0.8034168205801309,['FR'],1901-02-02
693323,The Bathers,False,en,['US'],1900-11-01,1900,11,1,"TRICK. Two bathers arrive at a river, disrobe at the water's edge and dive in. The action is then reversed and the men are seen leaving the water feet first and their clothes fly back on their bodies.",Animation,Unknown,Unknown,3635.117050943421,3520.758857654401,2,0.9841,7.0,1,0.9685407122559256,['US'],1900-11-01
1313506,Gavotte directoire,False,fr,['FR'],1900-01-01,1900,1,1,Recording of the dance Mesdemoiselles Lally and Juliette from the Olympia.,Documentary,Unknown,Unknown,2626.215730164064,1616.638447039155,0,0.965,0.0,0,0.6155771700210482,['FR'],1900-01-01
183603,The Waif and the Wizard,False,en,"['US', 'GB']",1901-09-01,1901,9,1,"The Waif and the Wizard features the same young man who appeared in Undressing Extraordinary (and who might be early filmmaker Walter Booth). It's another early example of a two-shot film along the lines of Paul's earlier film Come Along Do!. The young man plays a magician who, after completing his act, agrees to go home with the young boy from the audience who helped him perform his tricks. At the boy's home he finds a sick sister and a worried mother being threatened with eviction by her landlord.","Drama, Fantasy",Robert W. Paul,United Kingdom,655.3823092561082,705.8355949457981,2,0.9561,6.5,4,1.07698298378996,"['US', 'GB']",1901-09-01
119976,At the Floral Ball,False,fr,['FR'],1900-01-01,1900,1,1,"A turn-of-the-last-century hand-tinted short, which features two women, Miss Lally and Miss Julyett, dancing at a ball. By the legendary French filmmaker Alice Guy.",Music,Gaumont,France,2060.815206538809,2359.326590970037,2,0.9532,5.1,21,1.144851116919205,['FR'],1900-01-01
180677,The Misfortunes of an Explorer,False,fr,['FR'],1900-01-01,1900,1,1,A movie fragment depicting an archaeological explorer entering a standing sarcophagus.,Animation,Star Film Company,Unknown,3615.30236013836,2249.285353282027,1,0.9332,4.3,17,0.6221569122633344,['FR'],1900-01-01
119975,Pierrette's Escapades,False,fr,['FR'],1900-01-01,1900,1,1,Columbine resists Pierrette's courting in favour of Harlequin in this hand-coloured short by Alice Guy.,Romance,Gaumont,France,379.10446188681,305.0575601116315,2,0.965,5.2,27,0.8046794242234827,['FR'],1900-01-01
846765,A Bad Rich Man (A Christmas Story),False,fr,['FR'],1901-11-05,1901,11,5,"Three little chimney-sweepers fall down at the door of a farmhouse exhausted with fatigue and cold when the snow is falling. The most courageous of them knocks at the door to ask for help but the farmer sends them away and goes into the house quickly to sit down by the fire. Whilst these unfortunate creatures are lying almost lifeless in the snow, an angel appears in the sky who, with a gesture, transforms the scene, having the children and the bad rich man switching places.",Animation,Pathé Frères,France,1760.708005436047,1418.61029179306,3,0.9233,0.0,0,0.8057044594635867,['FR'],1901-11-05
667877,Photograph Taken From An Area Window,False,en,['GB'],1901-08-01,1901,8,1,Close view of legs and feet passing a basement window.,Comedy,Unknown,Unknown,3136.359002103456,2052.12901370223,1,0.9258,4.0,1,0.6543029711604864,['GB'],1901-08-01
119971,"Dance of the Seasons: Winter, Snow Dance",False,fr,['FR'],1900-01-01,1900,1,1,"A dancer personifying Winter, dances in the snow.",Music,Gaumont,France,774.246589449048,868.210999754311,1,0.9209,5.3,13,1.12136238194104,['FR'],1900-01-01
353185,The Fairy of the Black Rocks,False,fr,['FR'],1901-07-30,1901,7,30,A peasant refuses to help a poor old woman to carry a bundle of wood. The old woman transforms to a beautiful fairy seated in a magnificent chariot and punishes the man with visions of phantoms in a cemetery in order to teach him a lesson.,Fantasy,Pathé Frères,France,3494.799556258187,2551.849624486812,3,0.9143,4.0,2,0.7301848313209205,['FR'],1901-07-30
183568,Cronje's Surrender to Lord Roberts,False,en,"['GB', 'US']",1900-01-01,1900,1,1,No overview available,History,Robert W. Paul,United Kingdom,4626.630246649597,3526.674810980604,2,0.9033,4.0,1,0.7622555992094823,"['GB', 'US']",1900-01-01
357030,The Deserter,False,en,['US'],1900-01-02,1900,1,2,Directed by Robert W. Paul.,Drama,Unknown,Unknown,979.1858280468882,654.4354889346238,3,0.886,1.3,3,0.6683465693534182,['US'],1900-01-02
357042,"Phantom Ride, Chamonix",False,xx,['GB'],1900-01-02,1900,1,2,"A train snaking around Chamonix, Switzerland, with a steep Alpine slope inches away from the tracks.",Drama,Robert W. Paul,United Kingdom,1559.043249042101,983.2622322598884,2,0.8543,0.0,0,0.6306831018729077,['GB'],1900-01-02
119966,Avenue de l'Opéra,False,fr,['FR'],1900-01-01,1900,1,1,A shot of a busy street in Paris is shown in reverse.,Documentary,Gaumont,France,901.8074089485245,1054.25746749492,2,0.8407,5.5,19,1.169049463370618,['FR'],1900-01-01
144456,President McKinley Taking the Oath,False,en,['US'],1901-03-16,1901,3,16,"Filmed at the second inauguration of William McKinley on March 4, 1901, this short captures the president taking the oath of office at the U.S. Capitol. Although Thomas Edison has sometimes been mistakenly named as director, he was never credited as director on any films; the actual director of this short is unknown.",Documentary,Edison Studios,United States,721.4462343754283,576.8448169137582,1,0.8662,4.8,29,0.7995672988897715,['US'],1901-03-16
357048,The Derby 1900,False,en,['US'],1900-01-02,1900,1,2,Directed by Robert W. Paul.,Documentary,Unknown,Unknown,3370.456387325295,2192.905116778512,4,0.8262,0.0,0,0.6506255725559895,['US'],1900-01-02
179709,The Trick Cyclist,False,en,['US'],1901-09-21,1901,9,21,"A comic short in which a tramp attempts to ride a bicycle, tumbling repeatedly before giving up in despair. A skilled rider then takes the stage, performing rope-jumping tricks while balanced on the wheel. Often attributed to British film pioneer R.W. Paul. Although Thomas Edison has sometimes been mistakenly named as director, he was never credited as director on any films.","Comedy, Documentary",Edison Studios,United States,3647.096322035631,2795.810713227989,2,0.8344,4.4,7,0.7665853781639372,['US'],1901-09-21
179000,The Countryman and the Cinematograph,False,en,"['US', 'GB']",1901-10-01,1901,10,1,"A satire on the way that audiences unaccustomed to the cinema didn't know how to react to the moving images on a screen - in this film, an unsophisticated (and stereotypical) country yokel is alternately baffled and terrified, in the latter case by the apparent approach of a steam train.",Comedy,"Robert W. Paul, Paul's Animatograph Works","United Kingdom, United Kingdom",1954.933888819887,2200.905028831764,1,0.8204,5.4,44,1.125820694714315,"['US', 'GB']",1901-10-01
831727,Armée indienne,False,fr,['FR'],1901-02-02,1901,2,2,No overview available,Documentary,Unknown,Unknown,2699.942220245765,2014.405220537606,0,0.7709,0.0,0,0.7460919739068501,['FR'],1901-02-02
1260162,Coucher d'une Parisienne,False,fr,['FR'],1900-01-01,1900,1,1,No overview available,Comedy,Unknown,Unknown,2805.46277632187,1763.064543774484,0,0.7699,0.0,0,0.6284398277014274,['FR'],1900-01-01
667873,Scandal Over the Teacups,False,en,"['GB', 'US']",1900-01-02,1900,1,2,"Well did you ever?_x000D_ Two women share juicy stories, and enjoyably shocked reaction, over tea.",Comedy,Unknown,Unknown,2292.99119759305,1361.196905509287,1,0.8128,4.0,1,0.5936337247775454,"['GB', 'US']",1900-01-02
183601,An Over-Incubated Baby,False,en,['GB'],1901-08-01,1901,8,1,"An up to date idea and a great picture. The professor sits in his laboratory with his newly invented baby incubator. A mother who is anxious for the growth of her child enters, places her baby in care of the professor, who promptly places it in the incubator. An alcohol lamp is lighted under the apparatus, but the professor evidently gets his machine too hot, for in a few seconds the top is opened and the baby taken out. To the great anger of its mother it has grown about two feet in height and has long hair and a full beard. (Edison Catalog)","Science Fiction, Comedy",Robert W. Paul,United Kingdom,2640.184900269859,1678.784699102202,1,0.7591,4.9,11,0.6358587608506548,['GB'],1901-08-01
193621,Vue prise d'une baleinière en marche,False,en,['US'],1900-12-15,1900,12,15,Sailors row a whaling boat in a medium-tight shot.,Documentary,Lumière,France,4304.25247536701,3860.992588680197,1,0.7588,5.2,14,0.8970181490924233,['US'],1900-12-15
49279,The Man with the Rubber Head,False,fr,['FR'],1901-12-01,1901,12,1,A chemist carries out a bizarre experiment with his own head.,"Comedy, Fantasy",Star Film Company,Unknown,1696.64774031985,1736.606126167129,3,0.7506,7.2,161,1.023551374217341,['FR'],1901-12-01
715440,Jeffries Side Stepping and Wrestling,False,en,['US'],1901-12-14,1901,12,14,"Another fine picture of the champion going through his side-stepping tactics which have made him famous. The picture ends with a wrestling bout with his brother, Jack Jeffries.",Documentary,Edison Studios,United States,2021.719565767298,1490.527147778578,1,0.736,0.0,0,0.7372571216190817,['US'],1901-12-14
1420127,Plucked From The Burning,False,en,['GB'],1900-10-10,1900,10,10,Drama by Walter R. Booth. Survival status unknown.,Drama,Robert W. Paul,United Kingdom,3878.592495274912,2267.178857725111,1,0.7225,0.0,0,0.5845364937118549,['GB'],1900-10-10
357037,Training at the Regimental Depot,False,en,['US'],1900-01-02,1900,1,2,Directed by Robert W. Paul.,Drama,Unknown,Unknown,4068.926610143846,2546.319617000492,1,0.6866,0.0,0,0.6257963981587945,['US'],1900-01-02
119973,The Landlady,False,fr,['FR'],1900-01-01,1900,1,1,A landlady is taunted by neighborhood kids.,Comedy,Gaumont,France,4116.575037376901,2349.952584950166,1,0.7169,4.8,17,0.5708513906860704,['FR'],1900-01-01
183596,A Railway Collision,False,en,"['GB', 'US']",1900-03-01,1900,3,1,"The scene is a railroad track on the side of a steep mountain, with a tunnel in the background, toward which a train is running at a high rate of speed. At this instant the audience is appalled at the sight of a second train rushing out of the tunnel. Both trains are on the same track and traveling toward each other at a high rate of speed. They collide. Cars and engines are smashed into fragments and thrown down the steep incline. (Edison Catalog)",Drama,Robert W. Paul,United Kingdom,3952.646326243714,2950.954134999492,1,0.6774,4.1,9,0.7465768225723973,"['GB', 'US']",1900-03-01
1410628,Briton vs. Boer,False,en,['GB'],1900-07-01,1900,7,1,Taken from a music hall sketch of Lewin Fitzhamon and advertised as 'Two minutes of white hot excitement taking place on the open veldt.,"War, Comedy",Birt Acres,United Kingdom,2030.133496073538,1623.270755537888,2,0.6748,0.0,0,0.7995881840664372,['GB'],1900-07-01
357034,Training Cavalry Horses: The Recruit's First Ride,False,en,['US'],1900-01-02,1900,1,2,Directed by Robert W. Paul.,Documentary,Unknown,Unknown,714.7971185112111,426.2332533016266,1,0.6742,0.0,0,0.5962996244156535,['US'],1900-01-02
846453,Quo Vadis?,False,fr,['FR'],1901-05-14,1901,5,14,"Certainly one of the greatest literary successes of our time. This work has been translated into every [sic] language and its sale has reached millions of copies. It is therefore an event, so to speak, which we cannot allow to escape us. To follow the book throughout would be pretentious and impossible of realization ; so we have taken out of it, and arranged in one film, those parts which are the most interesting._x000D_ Pathé Catalogue U. K.",Drama,Pathé Frères,France,436.6736940071007,318.7230509112583,1,0.643,0.0,0,0.729888370390536,['FR'],1901-05-14
831726,Bataillon Royal Irish Regiment,False,fr,['FR'],1901-02-02,1901,2,2,No overview available,Documentary,Unknown,Unknown,1852.53341385561,1086.799889050066,0,0.6382,0.0,0,0.5866560251607817,['FR'],1901-02-02
183512,Army Life: Mounted Infantry,False,en,"['US', 'GB']",1900-01-01,1900,1,1,No overview available,Documentary,Robert W. Paul,United Kingdom,1074.398981614524,897.566054514,1,0.6323,4.2,9,0.8354122350015698,"['US', 'GB']",1900-01-01
205232,Drama at the Bottom of the Sea,False,fr,['FR'],1901-11-14,1901,11,14,"Using a blue tint to set the scene under the sea, this is a short, surprisingly violent film where two divers fight to the death with axes over some treasure beneath the waves.","Adventure, Fantasy",Pathé Frères,France,237.3841585215723,174.0689691954536,1,0.615,4.7,6,0.7332796353368923,['FR'],1901-11-14
183599,His Brave Defender,False,en,['GB'],1900-01-01,1900,1,1,No overview available,"Crime, Thriller, Comedy",Robert W. Paul,United Kingdom,3202.457428180154,2048.373283256129,2,0.627,4.0,3,0.6396254530134843,['GB'],1900-01-01
1137292,Grandma Threading Her Needle,False,en,['US'],1900-06-07,1900,6,7,An old lady is seated at a table with her work basket and her cat washing its paws beside her. The old lady makes several attempts to thread a needle and a look of triumph appears on her face as she finally succeeds.,Drama,Unknown,Unknown,1733.824848544458,1248.041795044802,1,0.5896,0.0,0,0.7198199957120986,['US'],1900-06-07
185219,Dream and Reality,False,fr,['FR'],1901-07-20,1901,7,20,"A well-dressed, middle-aged man is enjoying a drink at a table with a pretty young woman. He flirts with her, and she seems not to mind his attentions. But is it all too good to be true?","Romance, Comedy",Pathé Frères,France,4165.325666102876,3469.068618528148,1,0.5889,4.8,29,0.832844511236944,['FR'],1901-07-20
834937,Les tirailleurs,False,fr,['FR'],1900-01-16,1900,1,16,No overview available,Documentary,Unknown,Unknown,151.3067482822249,86.11048439691558,0,0.5854,0.0,0,0.5691119885565051,['FR'],1900-01-16
106030,Joan of Arc,False,fr,['FR'],1900-08-06,1900,8,6,A divinely inspired peasant woman becomes an army captain for France and then is martyred after she is captured.,"Drama, History",Star Film,France,683.6061751639124,670.6901780867164,11,0.5883,6.9,63,0.9811060848388341,['FR'],1900-08-06
1258710,The Devil in the Studio,False,xx,['GB'],1901-08-01,1901,8,1,Mephistopholes causes an artist's model to disappear.,Animation,"Paul's Animatograph Works, Robert W. Paul","United Kingdom, United Kingdom",4136.698386110829,2471.585528823328,2,0.5795,0.0,0,0.5974778188136218,['GB'],1901-08-01
715444,Jeffries Sparring with His Brother,False,en,['US'],1901-12-14,1901,12,14,"A fine picture of the champion and his brother in a very lively one-round sparring bout. The muscles of the champion are shown to excellent advantage, and aside from being a very lively and interesting sparring exhibition the film presents an absolutely perfect photograph of the champion and his brother.",Documentary,Edison Studios,United States,3555.93504500585,2804.697090025002,2,0.5453,0.0,0,0.7887368735725565,['US'],1901-12-14
231111,Arles : la sortie de St-Trophime,False,fr,['FR'],1900-03-04,1900,3,4,People gather at the exit of the St. Trophime cathedral in Arles.,Documentary,Lumière,France,3282.098667284806,2697.586754728962,1,0.5446,5.5,2,0.8219090978640824,['FR'],1900-03-04
357044,Firing at the Ranges,False,en,['US'],1900-01-02,1900,1,2,Directed by Robert W. Paul.,Documentary,Unknown,Unknown,4070.783512927826,2480.813018604261,1,0.5389,0.0,0,0.6094190493613324,['US'],1900-01-02
1319101,The Rival Clothiers,False,en,['GB'],1900-02-01,1900,2,1,An antisemitic comedy in which two Jewish clothiers cut prices until one buys the other's stock.,Documentary,Warwick Trading Company,Unknown,4474.92524886544,3558.433967655592,1,0.5196,0.0,0,0.7951940579471775,['GB'],1900-02-01
465482,Little Red Riding Hood,False,fr,['FR'],1901-03-30,1901,3,30,"In a bakery in the French countryside, Father Latourte, his wife, and their staff are busy with customers, pastries, and baked goods of all kinds. The Latourtes' young daughter, called Red Riding Hood, reads by the firelight until her parents leave for a moment. She starts to play boisterously, getting the bakery staff mixed up in hijinks and pratfalls. Her father and mother return, chagrined by her escapades, and she is told to take a pot of butter and a galette to her grandmother's cottage. Red Riding Hood travels through the forest on her errand, meeting a wolf, who finds out where she is going. Encountering her friends from the village school, she happily pauses her journey to play and dance with them. Meanwhile, at a windmill near the cottage, the miller Sans-Souci has comic trouble with his mule.",Fantasy,Star Film,France,2250.199742424892,1712.439141477865,8,0.5702,4.2,2,0.7610165040870915,['FR'],1901-03-30
119974,Turn-of-the-Century Surgery,False,fr,['FR'],1900-01-01,1900,1,1,"George Mélies made a version of this a few years later, often titled Une Indigestion, but Guy-Blaché’s earlier film Chirurgie Fin de Siecle (1900) is more widely available. And it’s not one to watch the night before an operation. In this clinic, a sign pleads “On est prie de ne pas crier/Please do not cry”, and the doctors set about the patient with saws, cheerily hacking off limbs, and then slopping them into a bucket, all the while arguing ferociously with each other. They then reattach arms and legs from a bucket of “exchange pieces” (using glue) before re-animating their victim, I mean patient, with bellows. (from http://silentlondon.co.uk/2015/01/23/10-disgusting-moments-in-silent-cinema/)","Science Fiction, Horror, Comedy",Gaumont,France,1455.925201045183,924.4201054830655,2,0.517,4.9,22,0.6349365371376501,['FR'],1900-01-01
357039,The Training of Infantry,False,en,['US'],1900-01-02,1900,1,2,Directed by Robert W. Paul.,Animation,Unknown,Unknown,4194.229642384174,3278.640051101483,1,0.5342,0.0,0,0.7817025605774337,['US'],1900-01-02
192799,"Promenade du dragon à Cholon, I",False,fr,['FR'],1900-01-17,1900,1,17,A Chinese dragon parade.,Documentary,Lumière,France,2090.832900818551,2099.207150197617,1,0.497,5.0,7,1.004005221735217,['FR'],1900-01-17
1439649,The Bath,False,fr,['US'],1900-01-01,1900,1,1,"""The Bath"" is a flip book remake of After the Ball (Après le Bal) made in the late 1800s.",Drama,Unknown,Unknown,874.3855554313388,548.6717614159895,1,0.502,0.0,0,0.6274940819960446,['US'],1900-01-01
1410793,English Nell,False,en,['GB'],1900-09-06,1900,9,6,Scene from the second act of The Prince of Wales Theatre production.,Animation,British Mutoscope and Biograph Company,United Kingdom,2763.468094755466,2282.937577042472,2,0.5016,0.0,0,0.8261132384249527,['GB'],1900-09-06
1056473,Le policeman,False,en,['US'],1900-09-30,1900,9,30,"Comic scenes taken at the Nouveau-Cirque by the two famous clowns Foottit and Chocolat. To separate Foottit and Chocolat who are fighting, their servant brings a policeman to whom the two accomplices play all sorts of tricks.",Comedy,Unknown,Unknown,2836.35705194258,1657.566755430215,1,0.4969,4.0,1,0.5843998922120796,['US'],1900-09-30
107261,The Magician's Cavern,False,fr,['FR'],1901-04-13,1901,4,13,A very enthusiastic magician performs several tricks.,"Comedy, Fantasy","Georges Méliès, Star Film","Unknown, France",4630.153071654318,5338.764272610681,3,0.4686,6.0,22,1.153042715864938,['FR'],1901-04-13
465498,The Last Days of Pompeii,False,en,"['US', 'GB']",1900-06-30,1900,6,30,Vesuvius erupts and people escape from a room as the ceiling falls.,Animation,Robert W. Paul,United Kingdom,3586.600948968724,2955.020068033605,4,0.4662,3.5,2,0.8239054497778123,"['US', 'GB']",1900-06-30
357040,The Bout,False,en,['US'],1900-01-02,1900,1,2,Directed by Robert W. Paul.,Documentary,Unknown,Unknown,120.1371902167719,88.77521138937053,1,0.459,0.0,0,0.7389486238956249,['US'],1900-01-02
1100727,Chinese Magic,False,en,['GB'],1900-09-01,1900,9,1,Trick film. A stage magician transforms a woman into a butterfly and himself into a giant bat. This film is considered lost.,Horror,Paul's Animatograph Works,United Kingdom,3429.564490656878,2696.442824553946,0,0.4544,4.5,1,0.7862347630143223,['GB'],1900-09-01
183595,An Exciting Pillow Fight,False,en,"['US', 'GB']",1900-01-01,1900,1,1,No overview available,Documentary,Robert W. Paul,United Kingdom,1654.210315522858,1880.275594093283,1,0.4514,5.0,2,1.136660542162663,"['US', 'GB']",1900-01-01
195623,A View Taken from a Mobile Platform II,False,fr,['FR'],1900-06-16,1900,6,16,People riding on a moving platform / walkway.,Comedy,Lumière,France,3005.320979526098,1891.647893870748,1,0.4463,4.9,8,0.6294328981022979,['FR'],1900-06-16
831730,Royal regiment d’artillerie,False,fr,['FR'],1901-02-02,1901,2,2,No overview available,Documentary,Unknown,Unknown,3310.636156786798,1998.017859748123,0,0.4386,0.0,0,0.6035147823937675,['FR'],1901-02-02
774790,The Beggar's Deceit,False,en,['GB'],1900-11-01,1900,11,1,"A legless beggar with a sign around his neck saying ""cripple"" pushes himself slowly and laboriously on a trolley along the pavement, soliciting alms from sympathetic passers-by. A policeman gradually approaches from the distance. Feeling suspicious, he taps the beggar on the shoulder, whereupon the beggar leaps up in a panic and runs away on his perfectly functional legs. The policeman trips over the trolley before recovering his footing and setting off in pursuit.",Comedy,Hepworth Manufacturing Company,Unknown,2649.412038548909,2345.914591978471,1,0.4384,5.0,5,0.8854472455946621,['GB'],1900-11-01
106024,Addition and Subtraction,False,fr,['FR'],1900-01-01,1900,1,1,"A magician performs tricks involving three women, who are sometimes merged together into one corpulent female.",Comedy,Star Film,France,4184.009260207145,5002.107105460174,1,0.4366,5.8,28,1.195529644982795,['FR'],1900-01-01
107256,The Brahmin and the Butterfly,False,fr,['FR'],1901-01-18,1901,1,18,A man attempts to engender a transformation of a giant worm into a butterfly.,"Comedy, Fantasy",Star Film Company,Unknown,1714.456078971977,1436.933447139904,2,0.4314,5.5,33,0.8381278848516895,['FR'],1901-01-18
106804,Up-to-Date Spiritualism,False,fr,['FR'],1900-01-01,1900,1,1,"In this subject a ""comique eccentric"" enters the drawing room inhabited by spirits. He tries to take off his coat and hat, but these garments return to his head and shoulders as soon as he takes them off. The chairs, his umbrella, his hat, etc., fly away in different directions and by various methods. (Star Film Catalog)","Fantasy, Comedy","Star Film, Georges Méliès","France, Unknown",2470.035512805148,2479.012627611347,1,0.4291,5.7,31,1.00363440718146,['FR'],1900-01-01
1272394,"La rue des nations, II",False,en,['US'],1900-05-24,1900,5,24,"Panorama of the Quai de la Seine, Paris, France.",Documentary,Lumière,Unknown,3911.641839045763,3118.531013468993,1,0.4258,4.0,1,0.7972434956442106,['US'],1900-05-24
106805,The Triple Conjurer and the Living Head,False,fr,['FR'],1900-01-01,1900,1,1,A conjurer (along with two duplicates) conjure up (and then cause to vanish) a beautiful woman head-first.,Comedy,Star Film Company,Unknown,4948.992760930703,4597.793374554231,1,0.4118,5.8,33,0.9290361891112514,['FR'],1900-01-01
231143,Les Escaliers du Pont de l'Alma,False,fr,['FR'],1900-07-08,1900,7,8,Stairs from the Pont de l'Alma.,Documentary,Lumière,France,3415.901514967209,2679.657610403969,1,0.4103,4.4,5,0.784465710929518,['FR'],1900-07-08
1439681,The Stick,False,fr,['FR'],1900-01-01,1900,1,1,"This 10 second fragment is available in flipbook format, otherwise lost.",Animation,Unknown,Unknown,2859.73712172137,2074.58515791804,1,0.4056,0.0,0,0.7254461055739553,['FR'],1900-01-01
106025,The Cook's Revenge,False,fr,['FR'],1900-01-01,1900,1,1,A decapitated cook wreaks havoc on the restaurant proprietor.,"Comedy, Fantasy",Star Film Company,Unknown,933.9164345903122,984.7349619559918,1,0.3828,6.2,29,1.054414426691155,['FR'],1900-01-01
357047,The Football Final,False,en,['GB'],1901-01-02,1901,1,2,Directed by Robert W. Paul.,Documentary,Unknown,Unknown,4180.80504242958,2833.19120202403,4,0.3823,0.0,0,0.6776664238755283,['GB'],1901-01-02
231073,Vue générale du pont Alexandre III,False,fr,['FR'],1900-10-28,1900,10,28,Overview of the Alexandre III bridge during the World Exhibition in Paris.,Documentary,Lumière,France,1237.651913794318,1265.799317528297,1,0.3663,6.0,2,1.022742584906354,['FR'],1900-10-28
197025,Lancement du 'Varèse' à Livourne,False,fr,['FR'],1900-10-20,1900,10,20,The launching of the ship Varèse in Livourne.,Documentary,Lumière,France,2973.147847263995,2384.162676832851,1,0.3816,5.1,7,0.8018984589100904,['FR'],1900-10-20
179236,Grandma's Reading Glass,False,en,"['US', 'GB']",1900-11-01,1900,11,1,"A child borrows his grandmother's magnifying glass to look at a newspaper ad for Bovril, at a watch, and then at a bird. The child shows grandma what he is doing. The child looks next at grandma's eye, then at a kitten.",Drama,George Albert Smith Films,United Kingdom,473.5053903700457,397.1796094183858,1,0.3591,6.288,78,0.8388069439040364,"['US', 'GB']",1900-11-01
183602,Undressing Extraordinary,False,en,['GB'],1901-08-01,1901,8,1,"Here we present a picture that simply convulses an audience with laughter. The scene opens in the bedroom of a hotel. A traveler appears, evidently a ""little worse for wear."" After stretching and yawning, he proceeds to disrobe. He throws off his coat and vest, but to his surprise and anguish, he suddenly finds himself clothed in a continental uniform. He throws this off in anger, but immediately a policeman's costume flies on him. This is in turn thrown aside in great rage and he finds himself clothed in a soldier's uniform. At last, thinking himself successful, he makes for the bed and finds a skeleton complacently resting on his pillow. The bed suddenly disappears, leaving him seated on the floor, and great quantities of bed clothes rain down from the ceiling. The picture ends leaving the audience simply convulsed in laughter. (Edison Catalog)",Comedy,"Robert W. Paul, Paul's Animatograph Works","United Kingdom, United Kingdom",1952.997318444632,1595.045217593088,3,0.3571,5.3,6,0.8167165425825481,['GB'],1901-08-01
195289,Chaise en bascule,False,fr,['FR'],1900-01-01,1900,1,1,Vaudeville comedians Foottit and Chocolat hop and dance around and occasionally fight.,Comedy,Lumière,France,1478.042555623501,845.9280352802732,1,0.3648,4.7,9,0.5723299590135448,['FR'],1900-01-01
1301723,Fun in Court,False,fr,['FR'],1901-06-01,1901,6,1,Lost short comedy film by Georges Méliès,Comedy,Unknown,Unknown,2586.75257252424,1911.289063736377,1,0.3593,0.0,0,0.7388758724114373,['FR'],1901-06-01
1439620,The Coup of Pere Francois,False,fr,['FR'],1900-01-01,1900,1,1,Reconstructed from a late 1800s flip book. The given date is approximate,Drama,Unknown,Unknown,574.8479914050017,366.0919567177776,1,0.3518,0.0,0,0.6368500232957276,['FR'],1900-01-01
49275,Bluebeard,False,fr,['FR'],1901-07-25,1901,7,25,"A young woman becomes the eighth wife of the wealthy Bluebeard, whose first seven wives have died under mysterious circumstances.","Drama, Horror, Fantasy",Star Film,France,1122.050786120335,982.1217980725771,10,0.3421,6.2,65,0.8752917516937142,['FR'],1901-07-25
106814,The Doctor and the Monkey,False,fr,['FR'],1900-01-01,1900,1,1,A monkey wreaks havoc on a doctor.,Comedy,Star Film,France,3270.415152158608,2752.881757355951,1,0.3535,5.4,26,0.8417529974868593,['FR'],1900-01-01
915321,Une nuit terrible,False,en,['US'],1901-12-13,1901,12,13,"A man tries to climb ito bed to get a night's sleep. Every time he does, the bed suddenly is someplace else and he falls on the floor.","Comedy, Fantasy",Pathé Frères,France,4872.301581682647,4018.606640206301,1,0.342,4.0,1,0.8247861042334077,['US'],1901-12-13
1301731,The Sacred Fountain,False,fr,['FR'],1901-07-06,1901,7,6,Lost short film from Georges Méliès.,Comedy,Unknown,Unknown,1906.995974447186,1547.696162638599,2,0.3363,0.0,0,0.8115885840227095,['FR'],1901-07-06
107269,The Prince of Magicians,False,fr,['FR'],1901-06-22,1901,6,22,"A magician does tricks with the aid of his assistant, the Human Pump.","Fantasy, Comedy",Star Film Company,Unknown,2478.719419756635,2497.396249075895,2,0.3349,6.3,38,1.007534870292457,['FR'],1901-06-22
231422,Chamonix: Arrivée en voitures des breaks d'excursion,False,fr,['FR'],1901-10-30,1901,10,30,A group of people exiting an enormous carriage.,Documentary,Lumière,France,3479.384570182488,2078.370107830925,1,0.3316,4.9,21,0.597338427502976,['FR'],1901-10-30
231026,Nice : Sa Majesté Carnaval et le char des Limonadiers,False,fr,['FR'],1900-02-21,1900,2,21,Elaborate floats and costumes parading the streets of Nice.,Documentary,Lumière,France,100.5459940709466,98.56268923029465,1,0.3257,5.0,3,0.9802746508304199,['FR'],1900-02-21
402971,L'homme aux cent trucs,False,fr,['FR'],1900-01-01,1900,1,1,Short film about a magician.,Documentary,Unknown,Unknown,1261.95474305169,769.2620760377516,2,0.3407,0.0,0,0.6095797652596504,['FR'],1900-01-01
366958,A View Taken from a Mobile Platform I,False,fr,['FR'],1900-04-15,1900,4,15,First of a series of films showing visitors to the Paris Exposition 1900 standing on a mobile wooden platform.,Documentary,Lumière,France,1028.696035112791,614.7648875659183,1,0.3329,4.6,9,0.597615686832615,['FR'],1900-04-15
195584,The Artist and the Dummy,False,fr,['FR'],1900-05-21,1900,5,21,A very simple gag film as a young lady substitutes herself for a dummy in order to play a practical joke on an artist.,Animation,"Star Film Company, Georges Méliès","Unknown, Unknown",1395.202985055282,1095.82898331659,1,0.3251,4.5,16,0.7854262032511133,['FR'],1900-05-21
1301707,A Maiden's Paradise,False,fr,['FR'],1901-04-20,1901,4,20,"In a wizard's cavern, a series of magic tricks are performed..","Comedy, Fantasy",Unknown,Unknown,2518.025208830207,1725.527220992932,3,0.3271,0.0,0,0.6852700342084962,['FR'],1901-04-20
1439672,"Fencing, the Joinville School",False,fr,['FR'],1900-01-01,1900,1,1,The original film is considered lost. 11 seconds are preserved here in a flipbook published by French maker Leon Beaulieu between 1897-1901 and restored in 2021.,Comedy,Unknown,Unknown,2770.280024409719,1963.450329164283,0,0.3236,0.0,0,0.7087551842643227,['FR'],1900-01-01
834947,"Promenade du dragon à Cholon, IV",False,fr,['FR'],1900-01-17,1900,1,17,No overview available,Documentary,Unknown,Unknown,473.2385659544195,364.2942729204969,0,0.3169,0.0,0,0.7697899096321416,['FR'],1900-01-17
106038,The Magic Book,False,fr,['FR'],1900-01-01,1900,1,1,Characters from a large magic book come to life.,Fantasy,Star Film Company,Unknown,1682.113524118503,1824.363332599332,3,0.3144,6.2,40,1.084566116639109,['FR'],1900-01-01
321584,Nice : le char des berceuses et de la chanson,False,xx,['FR'],1900-02-21,1900,2,21,Elaborate floats and costumes parading the streets of Nice.,Documentary,Société Lumière,Unknown,3717.772178617709,2090.807982697042,1,0.3162,0.0,0,0.5623819540966111,['FR'],1900-02-21
231085,"Panorama de la ligne de Cauterets, III. Le tunnel",False,fr,['FR'],1901-01-02,1901,1,2,Panorama of a mountainside railroad and tunnel.,Documentary,Lumière,France,3920.57748186648,4570.985536004174,1,0.309,5.2,4,1.165895982708153,['FR'],1901-01-02
833813,"Maillane : la farandole, le pont",False,fr,['FR'],1900-02-05,1900,2,5,No overview available,Documentary,Unknown,Unknown,1107.721558156896,884.2718322716053,0,0.3043,0.0,0,0.7982798797767537,['FR'],1900-02-05
172115,The Haunted Curiosity Shop,False,en,['GB'],1901-08-01,1901,8,1,An old proprietor is startled and haunted by the strange happenings inside his curiosity shop.,"Fantasy, Horror",Robert W. Paul,United Kingdom,3748.041239597933,3725.306812759916,2,0.3137,5.3,26,0.9939343178517278,['GB'],1901-08-01
318822,Plate-forme mobile et train électrique,False,fr,['FR'],1900-01-16,1900,1,16,Shot both on and from an elevated electric train.,Documentary,Lumière,France,4120.176007276024,5051.537271613356,1,0.3012,6.5,3,1.226048902448001,['FR'],1900-01-16
1439617,The Flea,False,fr,['FR'],1900-01-01,1900,1,1,A woman climbs out of bed and lifts her nightdress to search for a flea. Reconstructed from a late 1800s flip book,Drama,Unknown,Unknown,451.0789773431429,348.9001532424091,1,0.2994,0.0,0,0.7734790818615235,['FR'],1900-01-01
834948,"Promenade du dragon à Cholon, V",False,fr,['FR'],1900-01-17,1900,1,17,No overview available,Documentary,Unknown,Unknown,428.5714870353605,325.9694968413218,0,0.2942,0.0,0,0.760595388872491,['FR'],1900-01-17
834950,"Fête des fleurs, II",False,fr,['FR'],1900-01-17,1900,1,17,No overview available,Documentary,Unknown,Unknown,3037.024866573066,2345.250968400954,0,0.2913,0.0,0,0.7722198768320591,['FR'],1900-01-17
183609,The Magic Sword,False,en,['GB'],1901-11-01,1901,11,1,"On the roof of an ancient palace appear a young Knight and his lady. While they are making love an ugly old witch appears and is rather troublesome. The Knight commands her to leave, and when he is about to force her away she sits on her broom and rises to the moon. After disappearing she causes various hob-goblins to haunt the pair, the last of them stealing away the lady while the Knight's back is turned. The Knight, frantic with grief, is suddenly confronted by a Fairy, who presents him with a magical sword, and tells him that he can use it to regain the young woman.","Fantasy, Romance",Robert W. Paul,United Kingdom,218.3628023205858,221.3870588741536,3,0.2812,6.4,7,1.013849687407509,['GB'],1901-11-01
195536,Breaking of the Crowd at Military Review at Longchamps,False,en,['US'],1900-05-21,1900,5,21,This picture shows thousands of people leaving their seats in the grand stand and going across the parade grounds toward Paris. A very sharp and clear picture.,Animation,Unknown,Unknown,4230.208080941324,3226.895049590861,1,0.2785,3.3,3,0.762821825273616,['US'],1900-05-21
703850,"A Trip Through Paris, France in The 1890s",False,xx,['FR'],1900-03-02,1900,3,2,"Footage from the dawn of film taken in Belle Époque-era Paris, France from 1896-1900.",Documentary,Lumière,France,1279.711270245529,1173.294558049078,5,0.2802,6.7,3,0.9168431859039314,['FR'],1900-03-02
183594,Entry of the Scots' Guards into Bloemfontein,False,en,['GB'],1900-01-01,1900,1,1,No overview available,Documentary,"Robert W. Paul, Paul's Animatograph Works","United Kingdom, United Kingdom",3063.564496610654,2617.854109414339,1,0.2717,5.0,1,0.8545124844965978,['GB'],1900-01-01
49280,The One-Man Band,False,fr,['FR'],1900-01-01,1900,1,1,"A band-leader has arranged seven chairs for the members of his band. When he sits down in the first chair, a cymbal player appears in the same chair, then rises and sits in the next chair. As the cymbal player sits down, a drummer appears in the second chair, and then likewise moves on to the third chair. In this way, an entire band is soon formed, and is then ready to perform.","Comedy, Fantasy, Music",Star Film Company,Unknown,2492.020404215519,3195.180194552557,2,0.2706,6.7,111,1.282164539723498,['FR'],1900-01-01
834942,"Promenade du dragon à Cholon, II",False,fr,['FR'],1900-01-17,1900,1,17,No overview available,Documentary,Unknown,Unknown,762.3688838772729,494.8288019449554,0,0.2733,0.0,0,0.64906741658755,['FR'],1900-01-17
1529144,Paris exposition films,False,xx,['US'],1900-10-31,1900,10,31,"White’s camera offers several 360-degree pans of views of the fairground, then amazes by tilting up and down the Eiffel Tower, and concludes with a stunning tracking shot to the highest point above Paris. Exhibitors freely grouped films into nascent narratives such as those displayed here. - Bruce Posner",Documentary,Edison Manufacturing Company,Unknown,156.2009435571726,88.02178834541039,7,0.2686,0.0,0,0.563516367704864,['US'],1900-10-31
831729,Irish Guards. Scots Guards,False,fr,['FR'],1901-02-02,1901,2,2,No overview available,Documentary,Unknown,Unknown,781.438993666147,622.9227212899509,0,0.2684,0.0,0,0.7971482436107882,['FR'],1901-02-02
1267877,Children of the Royal Family of England,False,xx,['GB'],1900-01-01,1900,1,1,"Prince Edward of York, executing the manual of arms, attended by Prince Albert, and Princess Victoria, of York.",Documentary,British Mutoscope and Biograph Company,United Kingdom,3883.182477799245,3229.278169125677,1,0.2653,0.0,0,0.8316060827911024,['GB'],1900-01-01
831734,Carrosses de la cour. Fin du cortège,False,fr,['FR'],1901-02-03,1901,2,3,No overview available,Documentary,Unknown,Unknown,149.0444586254184,84.6761362263366,0,0.2638,0.0,0,0.5681266986191442,['FR'],1901-02-03
846449,La Poupée,False,fr,['FR'],1901-01-01,1901,1,1,"These three scenes were inspired from a comedy in four acts of the same name by Edmond Audran, performed for the first time at the Théâtre de la Gaieté in Paris on 21 October 1896. A novice, from a very poor convent, is forced to marry to be entitled to an inheritance from his rich uncle. The prior, wanting to take advantage of this opportunity, finds a solution. The novice will marry an automaton and return to the convent. But a real young woman decides to take the place of the doll.",Comedy,Unknown,Unknown,436.6799890339305,318.0094291018741,0,0.2574,0.0,0,0.7282436500133841,['FR'],1901-01-01
144139,"What Happened on Twenty-Third Street, New York City",False,en,['US'],1901-08-21,1901,8,21,"A street level view from the sidewalk, looking along the length of 23rd Street. Following actuality footage of pedestrians and street traffic, the actors, a man in summer attire and a woman in an ankle-length dress, walk toward the camera.",Comedy,Edison Studios,United States,3233.505722691544,3867.921719837899,1,0.2512,5.3,58,1.196200672444851,['US'],1901-08-21
196669,La toilette du petit chien,False,fr,['FR'],1900-01-01,1900,1,1,"A man and a child are washing a small dog in a tub, while a large dog is circling around them, barking.","Documentary, Family",Lumière,France,239.1980022378765,206.3659866779141,1,0.247,6.0,3,0.862741263502227,['FR'],1900-01-01
230970,Le char funèbre,False,fr,['FR'],1901-02-03,1901,2,3,"An impression of the funeral parade for Victoria, Queen of England, filmed in London (via https://catalogue-lumiere.com/le-char-funebre/)",Documentary,Lumière,France,1871.110812545922,1076.228345311588,1,0.2457,4.0,4,0.575181511482594,['FR'],1901-02-03
231436,Passage en chaises à porteur au col des Nuages (Annam),False,fr,['FR'],1900-01-25,1900,1,25,Passengers travelling in litters in the French protectorate of Annam,Documentary,Institut Lumière,Unknown,4446.776327363132,4911.809893753302,1,0.2452,5.7,3,1.104577683282291,['FR'],1900-01-25
715439,Jeffries Exercising in His Gymnasium,False,en,['US'],1901-12-14,1901,12,14,"Jeffries walks into his gymnasium at Oakland, Cal., accompanied by Billy Delaney, and begins exercising with the heavy weights. The view was taken with the champion close to the camera, and during the exercises his back is turned to the audience, when his great muscles stand out in bold relief, and, as he strains and tugs at the weights, they give one the impression of huge bands of knotted cords.",Documentary,Edison Studios,United States,2431.51795324033,1525.500462434245,1,0.2436,0.0,0,0.6273860575042466,['US'],1901-12-14
361103,Cunard Mail Steamer Lucania Leaving for America,False,en,['GB'],1901-12-01,1901,12,1,Early footage of the Lucania passenger liner.,Documentary,Mitchell and Kenyon,Unknown,4791.297354487248,6086.075844293728,16,0.2415,7.0,1,1.27023546943791,['GB'],1901-12-01
106806,The Christmas Dream,False,fr,['FR'],1900-08-08,1900,8,8,"The entire story of Christmastide is here depicted. The scene opens in a large boudoir of an apparently wealthy man's home. His children, assisted by their governess, are about to retire. Before lying down they hang up their stockings on the edge of the bed. The picture changes and night appears. We see the housetops of the town and angels are flying about depositing packages in each of the chimneys. (Edison Catalog)",Fantasy,Star Film,France,3754.984137157314,4336.938256613534,4,0.2368,5.5,31,1.154981778404205,['FR'],1900-08-08
804936,Arles : farandoleurs dans les Arènes,False,fr,['FR'],1900-03-04,1900,3,4,Traditional dance to a flute tune.,Drama,Unknown,Unknown,2570.741468324847,1470.118688136118,0,0.2317,0.0,0,0.5718656295275311,['FR'],1900-03-04
1313534,China Versus Allied Powers,False,fr,['FR'],1900-01-01,1900,1,1,"A magician presents a circular piece of paper from which he removes the flags of the allies. Then from each flag he produces a soldier from the respective country, and finally he produces a Chinaman. But hardly have the allies seen the latter than they pounce on him and try to cut him into pieces. The funniest part of our story is that the Chinaman escapes in a balloon, with an expression of childish innocence on his face as the allies try to cut him up.",Comedy,Star-film,Unknown,344.6045672868826,280.0643414630456,1,0.241,0.0,0,0.8127122158247327,['FR'],1900-01-01
213210,Race for the Muratti Cup at Manchester Wheelers’ Annual Race Meet,False,en,['GB'],1901-08-09,1901,8,9,Exciting scenes of amateur cycling's 'Race of Champions' at Manchester's Fallowfield track.,Documentary,BFI,United Kingdom,3923.37202438809,3878.480057639181,4,0.2251,5.0,1,0.9885578103555168,['GB'],1901-08-09
231444,Arrivée de cyclistes à Turin,False,fr,['FR'],1900-10-30,1900,10,30,A bunch of cyclists going past the camera.,Documentary,Institut Lumière,Unknown,3067.896436394542,3043.95705147952,1,0.2201,5.7,3,0.9921968080046548,['FR'],1900-10-30
1309549,Les jardins du Champ-de-Mars,False,en,['FR'],1900-07-08,1900,7,8,Visitors walk the gardens of Champ-de-Mars.,Documentary,Lumière,France,867.752887093549,633.1815113538403,0,0.2199,4.0,1,0.7296795214068582,['FR'],1900-07-08
195711,Montreal Fire Department on Runners,False,en,['US'],1901-03-23,1901,3,23,"First comes the Chief's sleigh with old-fashioned side runners, containing the Chief and his driver. Next comes a chemical engine mounted on a stout double runner sled, which is followed closely by hose carriage apparatus mounted also on double runner sleds. Next comes a water tower mounted on a set of double runners and drawn by four beautiful horses. This is followed very closely by an engine drawn by a four-horse string team. This is followed by another engine on double runners, drawn by a four-horse tandem team. A second hose carriage and a Protective Insurance outfit brings up the rear. The breath leaves the horses' nostrils in great white puffs as they gallop through the snow-covered streets.",Documentary,Edison Studios,United States,437.8887289976309,390.4996784598366,2,0.22,5.0,1,0.8917783276900678,['US'],1901-03-23
106816,What Is Home Without the Boarder,False,fr,['FR'],1900-01-01,1900,1,1,A trio of prankish boarders wreak havoc on their landlady and an intervening policeman.,Comedy,Star Film Company,Unknown,2234.272119406186,2395.496915591244,1,0.2186,5.0,22,1.072159874701344,['FR'],1900-01-01
231756,A Quick Shave and Brush Up,False,en,"['US', 'GB']",1900-08-01,1900,8,1,A man attempts to shave with a blunt razor.,Comedy,George Albert Smith Films,United Kingdom,417.5786609725504,246.4734947691776,2,0.217,4.2,4,0.5902444684197587,"['US', 'GB']",1900-08-01
106809,Going to Bed Under Difficulties,False,fr,['FR'],1900-01-01,1900,1,1,"A man takes off his clothes in preparation for bed, only for new clothes to spontaneously generate, leading to comical consternation.",Comedy,"Star Film, Georges Méliès","France, Unknown",2498.026628701418,2966.309724418209,2,0.2177,6.5,50,1.187461210515688,['FR'],1900-01-01
178994,Spanish Bullfight,False,en,['US'],1900-01-01,1900,1,1,"With a crowded arena in the background, a stationary camera records a bull charging a picador astride his horse. An attendant on foot throws stones at the rump of the horse to get it to move. Various toreadors run past the bull to try to get him to charge or at least run about.",Documentary,Unknown,Unknown,1256.523732009623,742.4848211575643,1,0.2119,4.1,19,0.5909039377792492,['US'],1900-01-01
834938,La foule après la revue des troupes,False,fr,['FR'],1900-01-16,1900,1,16,No overview available,Documentary,Unknown,Unknown,1854.451406675595,1369.388147147864,0,0.2087,0.0,0,0.7384330170196881,['FR'],1900-01-16
106808,A Fantastical Meal,False,fr,['FR'],1900-01-01,1900,1,1,A family sits down to enjoy a meal that ends up being fraught with complications.,"Comedy, Fantasy",Star Film,France,1258.697793358328,1191.885037730221,1,0.2022,6.2,32,0.9469191445471243,['FR'],1900-01-01
428699,Phono-Cinéma-Théâtre,False,fr,['FR'],1900-04-28,1900,4,28,"The Phono-Cinéma-Théâtre was a special pavilion at the 1900 Paris World's Fair which featured filmed performances presented with sound via wax cylinder recordings. Many of these short films were also presented in hand-tinted color. The performances ranged from theatre (Coquelin the eldest, Gabrielle Réjane, Sarah Bernhardt, Félicia Mallet), opera & operetta (Mariette Sully, Emile Cossira, Jeanne Hatto, Mily-Meyer, Désiré Pougaud), to café concert & music hall variety (Footit et Chocolat, Mason and Forbes, Little Tich, Brunin, Polin, Jules Moy) and dance (Blanche and Louise Mante from the Paris Opera, Carlotta Zambelli, Michel Vasquez, Rosita Mauri, Jeanne Chasles, Achille Viscusi, Christine Kerf, Cléo de Mérode).",Documentary,Phono-Cinéma-Théâtre,Unknown,660.1749571018179,496.5112383336905,79,0.2015,1.0,1,0.7520903860294631,['FR'],1900-04-28
282139,A Political Discussion,False,fr,['FR'],1901-10-24,1901,10,24,A political quarrel between two men that ends in laughter.,Comedy,Pathé Frères,France,1218.593952795414,927.28356204663,2,0.196,4.3,3,0.7609454814045912,['FR'],1901-10-24
1292505,Happy Hooligan,False,en,['US'],1900-01-01,1900,1,1,No overview available,Documentary,Edison Studios,United States,4977.614109955561,3753.92888175921,0,0.1932,4.0,2,0.7541622951950215,['US'],1900-01-01
190601,Manchester Band of Hope Procession,False,xx,['GB'],1901-04-02,1901,4,2,A temperance society decries the demon drink on the streets of Edwardian Manchester.,Documentary,"Mitchell & Kenyon, BFI","United Kingdom, United Kingdom",3768.102900550565,2946.795803982387,7,0.1908,4.9,7,0.7820369776928928,['GB'],1901-04-02
190599,"Alfred Butterworth and Sons, Glebe Mills, Hollinwood",False,en,['GB'],1901-05-05,1901,5,5,A flood of Lancashire cotton workers and their children at the end of another shift.,Documentary,Mitchell & Kenyon,United Kingdom,2574.174548067198,2973.215278137685,2,0.1851,5.6,11,1.155016966650573,['GB'],1901-05-05
231106,"Montreux, Fêtes des Narcisses: Marquises dans leurs chaises à porteurs",False,fr,['FR'],1900-10-29,1900,10,29,Marquesas in their sedan chairs.,Documentary,Lumière,France,4345.671284010625,3968.270915986178,1,0.1871,5.0,3,0.9131548745039584,['FR'],1900-10-29
129863,Demolishing and Building Up the Star Theatre,False,en,['US'],1901-04-29,1901,4,29,Time-lapse photography showing the one month-long demolition of the Star Theatre in New York.,Documentary,American Mutoscope & Biograph,United States,4908.614654309771,4326.730518228169,3,0.1846,6.4,50,0.8814565458768072,['US'],1901-04-29
195619,"Chamonix, Le Village",False,fr,['FR'],1901-01-20,1901,1,20,A short clip of street life in the French village Chamonix.,Documentary,Unknown,Unknown,4670.015355208474,4992.610304648442,1,0.1833,5.2,12,1.069077920499807,['FR'],1901-01-20
190609,Off to Bedlam,False,fr,['FR'],1901-06-29,1901,6,29,Four black minstrels turn into white clowns and back again when they hit or kick each other.,"Fantasy, Comedy",Star Film,France,340.8852160868432,357.0788698515197,1,0.1829,5.2,21,1.047504711264894,['FR'],1901-06-29
404864,The Triple Headed Lady,False,fr,['FR'],1901-01-25,1901,1,25,A conjuror appears to demonstrate a lady with three heads.,Comedy,Star Film,France,763.0527307505462,850.5431456645924,2,0.1763,5.2,4,1.114658412699722,['FR'],1901-01-25
834949,"Fête des fleurs, I",False,fr,['FR'],1900-01-17,1900,1,17,No overview available,Documentary,Unknown,Unknown,1005.408889990097,963.9470255790912,0,0.1676,5.0,1,0.9587611917660543,['FR'],1900-01-17
195702,Opening of the Pan-American Exposition Showing Vice President Roosevelt Leading the Procession,False,en,['US'],1901-06-07,1901,6,7,This is a great historical event. Our cameras were stationed in the center of the Esplanade looking toward the Main Approach to the Pan-American Exposition...,Documentary,Edison Studios,United States,2161.317754745091,1552.735389240779,2,0.1647,3.3,3,0.7184206884118763,['US'],1901-06-07
106812,Eight Girls in a Barrel,False,fr,['FR'],1900-01-01,1900,1,1,A magician stuffs eight of his lovely assistants into a barrel.,Comedy,Star Film Company,Unknown,3323.006797611779,3902.32197597186,1,0.1684,5.3,21,1.174334635359889,['FR'],1900-01-01
195620,Sherlock Holmes Baffled,False,en,['US'],1900-05-21,1900,5,21,"Sherlock Holmes enters his drawing room to find it being burgled, but on confronting the villain is surprised when the latter disappears.","Crime, Fantasy, Mystery",American Mutoscope & Biograph,United States,2984.878604369024,3004.188870124869,1,0.1649,5.2,41,1.006469363855395,['US'],1900-05-21
560273,Magic Extinguisher,False,en,['GB'],1901-11-08,1901,11,8,A conjurer vanishes animals then vanishes himself.,Comedy,Williamson Kinematograph Company,Unknown,3384.845563366962,3227.639191602776,1,0.1619,6.0,4,0.9535558214337525,['GB'],1901-11-08
190594,Ride on the Tram Car through Belfast,False,en,['GB'],1901-05-04,1901,5,4,In 1901 people in Belfast paid their tram drivers in carrots.,Documentary,"Mitchell & Kenyon, BFI","United Kingdom, United Kingdom",3095.467036095614,2835.217054074651,4,0.1636,5.5,4,0.9159254551942435,['GB'],1901-05-04
106807,The Fat and Lean Wrestling Match,False,fr,['FR'],1900-01-01,1900,1,1,A series of fantastical wrestling matches.,"Comedy, Fantasy",Star Film,France,190.698718399989,215.3421998488503,2,0.1612,6.6,46,1.129227305016134,['FR'],1900-01-01
183600,"The Cheese Mites, or Lilliputians in a London Restaurant",False,en,"['US', 'GB']",1901-08-01,1901,8,1,"A jovial looking man is seated nearest the window of a restaurant. He has just finished his meal and the waiter brings a glass of beer, and when he places the glass upon the table, lo, a little sailor boy about six inches high appears from the foam, and climbing down the side of the glass, proceeds to dance a sailor's hornpipe on the table.","Comedy, Fantasy",Robert W. Paul,United Kingdom,4546.747743771463,3260.565364551906,1,0.1551,4.6,9,0.717120356856946,"['US', 'GB']",1901-08-01
190600,Trapeze Disrobing Act,False,en,['US'],1901-11-11,1901,11,11,"The stage of a vaudeville theatre. A lady in evening costume is performing on a trapeze. Two Rubes are seated in a box. The lady begins to disrobe, and here the fun commences. As she removes her garments one by one and throws them at our rural friends, they begin going through antics, which to say the least, are highly amusing. When the stockings come off, the climax takes place. The Rubes jump from their seats and make things lively for a short time in the theatre.",Comedy,Edison Studios,United States,115.9335961630121,91.67100965514972,2,0.154,4.8,9,0.7907199697855727,['US'],1901-11-11
190623,"University Procession on Degree Day, Birmingham",False,en,['GB'],1901-07-06,1901,7,6,Female graduates and gents sporting spectacular Edwardian whiskers take part in Birmingham’s first Degree Day ceremony.,Documentary,Mitchell & Kenyon,United Kingdom,2913.178778851302,2318.559738680859,9,0.152,4.8,5,0.7958865262622474,['GB'],1901-07-06
193437,Watermelon Contest,False,en,['US'],1900-06-28,1900,6,28,"Four men each hold a large slice of watermelon, and have a race to see who can finish eating first. All four move quickly, but one man seems to be pulling ahead of the others. Soon the contestants begin to hinder one another's efforts.",Comedy,Unknown,Unknown,4876.910436227112,2953.562262229743,2,0.1515,3.9,7,0.6056215919590857,['US'],1900-06-28
834946,"Promenade du dragon à Cholon, III",False,fr,['FR'],1900-01-17,1900,1,17,No overview available,Documentary,Unknown,Unknown,1148.009811112702,700.2423544498258,0,0.1523,0.0,0,0.6099619948118038,['FR'],1900-01-17
831731,Hussards et dragons,False,fr,['FR'],1901-02-02,1901,2,2,No overview available,Documentary,Unknown,Unknown,3809.196257729051,2344.228194005099,0,0.1506,0.0,0,0.6154128155640556,['FR'],1901-02-02
465484,Are You There?,False,en,['GB'],1901-10-22,1901,10,22,"A young man's telephone call to his sweetheart is intercepted by her father, who beats him with his umbrella.",Comedy,Williamson Kinematograph Company,Unknown,835.8044235467563,907.9657774907624,1,0.149,5.4,4,1.086337607113621,['GB'],1901-10-22
1301722,Painless Dentistry,False,fr,['FR'],1901-05-25,1901,5,25,Comedy short film by Georges Méliès.,Comedy,Unknown,Unknown,664.7826625429841,533.337622258078,1,0.1486,0.0,0,0.8022736637232819,['FR'],1901-05-25
